Address
"Dubai, 14, 15b street"
"Dubai, 14, 5a street"
"199, 10th Street, Warehouses Lands, Sharjah, United Arab Emirates"
"Dubai, First Al Khail street"
"Dubai, E29, Yasmeen 1 street"
"Dubai, 58sac, 1b street"
"Dubai, 11r, Mohammed Bin Rashid Boulevard"
"Emaar Square Building 5, EMAAR Square Building, Downtown Dubai, Dubai"
"Dubai, 30, 4a street"
"Dubai, Al Qersh street"
"Dubai, C-62, Al Hilali Cove street"
"Dubai, 4, Al Mirziban street"
"Dubai, Blue Waters Island street"
"Dubai, Al Harth street 21"
"53, Al Sama'a Street, Umm Suqeim 2, Jumeirah, Dubai"
